{"cameraMode":{"drawMode":0,"name":"Shaded","section":"Shading Mode"},"sceneLighting":true,"audioPlay":false,"sceneViewState":{"showFog":true,"showMaterialUpdate":false,"showSkybox":true,"showFlares":true,"showImageEffects":true,"showParticleSystems":true},"in2DMode":false,"pivot":{"x":0.6500526666641235,"y":3.231754779815674,"z":-2.4272775650024416},"rotation":{"x":0.14314666390419007,"y":0.06971268355846405,"z":-0.010108648799359799,"w":0.9871934056282044},"size":12.170110702514649,"orthographic":false}